"relative_path","year_folder","filename","width","height","bytes","sha256","identification_status","catalogue_title","catalogue_number","catalogue_url","rights_status"
"1925\1.JPG","1925","1.JPG","837","1200","595586","57341b5d6f412cf6a4b5ae00243c6fe78b6c28889c5f9004cac972df27d49032","unverified","","","","research-only"
"1925\2.JPG","1925","2.JPG","1074","1600","896137","32d2122ea771bc2f9511fabc0cea36c44cbcfc45f64a1b6eb2640b9721f3b70c","unverified","","","","research-only"
"1925\3.JPG","1925","3.JPG","821","1200","511516","8623b0a266eb0004a70de9fb88a2b295813bec7adbc26b3133e23c84019d47d5","unverified","","","","research-only"
"1925\4.JPG","1925","4.JPG","1054","1600","788375","00502ec0116d916862e23671809f87d326c2e619f231878f8ec3cd67d259fd4b","unverified","","","","research-only"
"1925\5.JPG","1925","5.JPG","1591","1600","1313824","4fa7e9ef3d831a95eb7aaf0a1ffdee71fe3a67be088bcbad598810abea794b8a","unverified","","","","research-only"
"1925\6.JPG","1925","6.JPG","1698","1600","1531042","b722d40ef43fdb9aa709469e6cf78d5c8dca025093a1ed588536f12a4b3f20b9","unverified","","","","research-only"
"1926\10.JPG","1926","10.JPG","2145","1600","1938114","8c0b35d9d6835cbee7f691502a62d6b345be1aa8616192ce1f9452e95a9e74cc","unverified","","","","research-only"
"1926\11.JPG","1926","11.JPG","2017","1600","2135928","9c135b6de2051be6b43a3b5930af939b0a8ad336ef2c7371ea9a909109a6d55d","unverified","","","","research-only"
"1926\12.JPG","1926","12.JPG","1229","1600","1204620","c4f39f6d3e61041b9cd38b2258263f40388a6b8af6110fd68151499af018d56f","unverified","","","","research-only"
"1926\7.JPG","1926","7.JPG","2347","1600","2056432","551adcb09e6b980403fa9aa6f9428b87f78d72bd9778a403ec9fc4c3d039924c","unverified","","","","research-only"
"1926\8.JPG","1926","8.JPG","2373","1600","1900045","e20aed8488253402817ae33a65bc03f65646870803204eb4ab3cfe6c0bae44c0","unverified","","","","research-only"
"1926\9.JPG","1926","9.JPG","955","1600","26624","7374a4344179b240bdc8172beb87d6773f3c9761c34bf96b7c6417ad02f0fffb","unverified","","","","research-only"
"1927\13.JPG","1927","13.JPG","841","1200","405119","f248805681e7c1ecb9a6ab32b30ff2b212a24df08189f0020e5aa4f961213c1f","unverified","","","","research-only"
"1927\14.JPG","1927","14.JPG","2137","1600","1773346","571ec302bd9bc4867f02a53747ab1f4ed5d5937813eeb65fb9cb055fd333ceec","unverified","","","","research-only"
"1928\15.JPG","1928","15.JPG","1921","1600","1791772","00376ef9369851c0191172d5aa27b2eb3fe65eda266473a3096a51a6b94ea0bf","unverified","","","","research-only"
"1928\16.JPG","1928","16.JPG","2179","1600","2352045","8d59a417d5bb393abce582168621384b8f50377f5df57e33a2f0949ab6ab2d2f","unverified","","","","research-only"
"1928\17.JPG","1928","17.JPG","1273","1600","910548","d07321de725775d3e3d3818a7c2716644143d6bcfb5520c902a97573ea337951","unverified","","","","research-only"
"1928\18.JPG","1928","18.JPG","1330","1600","1012928","6e67dfb69cd3da987fadc28bab4a2e6864b2818ab8f3d71833ae12f6ad194d25","unverified","","","","research-only"
"1928\19.JPG","1928","19.JPG","1128","1600","845585","3f2bdc27700de662b6802864a7884b2aee07a33257eb25a0deeb8f4727edd17f","unverified","","","","research-only"
"1929\20.JPG","1929","20.JPG","2318","1600","2559877","34ab2886129f14ec5fb050a07216d0dafb6d73de2510743d58c1068e2134d681","unverified","","","","research-only"
"1929\21.JPG","1929","21.JPG","908","1600","867927","38a4d0f15140b3751ee1401a65890a70729053f241e657694df52817d74e78a0","unverified","","","","research-only"
"1929\22.JPG","1929","22.JPG","2143","1600","1833440","85707c6d89b18e2269be716009fbee09258881ad433ba2bcd4cd898d776e0de2","unverified","","","","research-only"
"1929\23.JPG","1929","23.JPG","1061","1600","819115","8490cb884931ac65e6be918b5f54297f7e4e817e7e5a120db0ce98bf560483e0","unverified","","","","research-only"
"1929\24.JPG","1929","24.JPG","2141","1600","1723935","371aece9091aa38213316931141f589ca123bb20d4f49def7505c96d6525cf6f","unverified","","","","research-only"
"1929\25.JPG","1929","25.JPG","1171","1600","889524","d05a6c93955f9282b1a163bb4723edf5b9a58e2adb80cf13e82e49905cdb0f9b","unverified","","","","research-only"
"1929\26.JPG","1929","26.JPG","2586","1600","2430568","53c8ca52507d0fa7a8082546dd003a868769f48caebea66e95a9ca77f95f677b","unverified","","","","research-only"
"1929\27.JPG","1929","27.JPG","1372","1600","1001381","b6337d514ad97441047cf865a171b569a0ea1b83b43305ec93f09cc9312e7843","unverified","","","","research-only"
"1930\28.JPG","1930","28.JPG","1269","1600","1067990","f9c3ca0003845bf5cf432efd53384a3b88ac37a4c9f2c1e2d2dbc5ece56afdec","unverified","","","","research-only"
"1930\29.JPG","1930","29.JPG","1901","1600","2217493","2f512d2eec52b068496862017788c2c9c6c77fd0dc112a68d5521f897e284caf","unverified","","","","research-only"
"1930\30.JPG","1930","30.JPG","1224","1600","1143759","a2cdc85d870cd8bff2968a33c0512569cfc45578d82ea8a8bb29582a278ee95d","unverified","","","","research-only"
"1930\31.JPG","1930","31.JPG","1305","1600","854708","5724cb0a8f01182e5c5de216606891b55b9047db761612ce011b12e07c2265f7","unverified","","","","research-only"
"1931\32.JPG","1931","32.JPG","2105","1600","1610229","ef57b71f8bb91c6deab4aa76770b6fc60182fe3471d571597fba2fa48d58b2d0","unverified","","","","research-only"
"1931\33.JPG","1931","33.JPG","1097","1600","1072072","839cbc8fadc62643368bad91334105ff76f943e1fd4fcae3e1730125fc6326bd","unverified","","","","research-only"
"1931\34.JPG","1931","34.JPG","1242","1600","904505","16ed629f33d71a2fe3a9e58f57a725720b98669a5762a0c9e21c32a00f15c75e","unverified","","","","research-only"
"1931\35.JPG","1931","35.JPG","2364","1600","2469580","471c52bce303346ae1acfc661816aea5ff5cfcff2b86f922eaa6b47bf1daacf0","unverified","","","","research-only"
"1931\36.JPG","1931","36.JPG","2103","1600","1671941","5d3f1ab3715c51d99b2455fac45048f5ca168f3e7788c48640ed5fc0c23efe5a","unverified","","","","research-only"
"1931\37.JPG","1931","37.JPG","2309","1600","2289563","60c1d7240bdad00c70389fefc70db00c7d9b1d239b6260f0dbc98cc248fbfd74","unverified","","","","research-only"
"1931\38.JPG","1931","38.JPG","1538","1600","954096","c0d59447bc827696f892d00e8e5d4fc814e863e2dde2886c3d83386100a8b780","unverified","","","","research-only"
"1931\39.JPG","1931","39.JPG","2025","1600","1568623","38b6e2eb382d9a6583e5f92b1d8e0f3a69973f89a292a5c7aafee22050d5ffa6","unverified","","","","research-only"
"1931\40.JPG","1931","40.JPG","1322","1600","903071","324101b2ac778723075a733b8e8dbfe22a79d06b9bdccb5ed31889a4204b5cb1","unverified","","","","research-only"
"1932\41.JPG","1932","41.JPG","1187","1600","817847","64b65825078aeefa21fd3262c15420744296cecd391f836f0191dca977957644","unverified","","","","research-only"
"1932\42.JPG","1932","42.JPG","1038","1600","807073","7de9843a3bfe4ee14dbe427eeeca1412799baa6faeb2cefd4edc0277ccaa2595","unverified","","","","research-only"
"1932\43.JPG","1932","43.JPG","1081","1600","803747","39eef984c5325810c3df8d2fedcf1e86b638e9b041c37de2982063482d6aa9ae","unverified","","","","research-only"
"1932\44.JPG","1932","44.JPG","2221","1600","1925543","bcc7bf05c14188acbbc22102570707594373c32b27775f379ab94fe7753a2ac1","unverified","","","","research-only"
"1932\45.JPG","1932","45.JPG","1160","1600","594542","321f0c47fbf10d882b6e31277d1fa50cd225f7c70abd3cc319d38b50068f9236","unverified","","","","research-only"
"1932\46.JPG","1932","46.JPG","1890","1600","1531572","592f5714bd0fbef0f92e08c53043963df8731166442037068d256746778e2eaa","unverified","","","","research-only"
"1932\47.JPG","1932","47.JPG","1951","1600","1530503","412b28eca1ef019e61739f94b87856caacc78f730180e9fde5434c0d319efb7f","unverified","","","","research-only"
"1932\48.JPG","1932","48.JPG","1309","1600","951087","bdf524ad3cb55dc6a8556c2d2a03366b2fce868b41fdfe4930fbf1da65c42daf","unverified","","","","research-only"
"1932\49.JPG","1932","49.JPG","2251","1600","1832983","32540944d5e75862dfccd837899f3409e400de9dd52280f4819191e11c7d8736","unverified","","","","research-only"
"1932\50.JPG","1932","50.JPG","1220","1600","707628","a48c356a039c66c0bf145a7280674b3e9e56ab9f2041b8ff4e799cdcbc438780","unverified","","","","research-only"
"1932\51.JPG","1932","51.JPG","1995","1600","1599950","96b4fe9dc4704be5632a65c46528df7895c452a8c808fb485d7475fad775fa13","unverified","","","","research-only"
"1932\52.JPG","1932","52.JPG","2405","1600","1899455","f11c9b9f57a3a0de0ddb1bc5e5d19524179a093f23fbb228abe42ebd4b2c1fe9","unverified","","","","research-only"
"1932\53.JPG","1932","53.JPG","2030","1600","1417941","144bc6dce741f962dbe472736cb1482aec398aa41d7a30fbdcc66270bb30175b","unverified","","","","research-only"
"1932\54.JPG","1932","54.JPG","1597","1600","1530731","bd416e7d9f954d5a199cdf26286219f5a16874afe90f5e1f589eb6364d351a58","unverified","","","","research-only"
"1932\55.JPG","1932","55.JPG","1163","1600","656721","68e8bce49cf13cb0280d7fb6d300c73f61d2577722c03615d2e1534a64c61ec2","unverified","","","","research-only"
"1933\56.JPG","1933","56.JPG","1271","1600","762470","6d22ab10e1c9e0fffa6f7589ed2f4e4d09230458d229fe58f00fad4af95f8333","unverified","","","","research-only"
"1933\57.JPG","1933","57.JPG","1247","1600","855764","5b8ad67a9914ee0fe79d65eb638f184da8907f37f654bf95544b400aea56f2f1","unverified","","","","research-only"
"1933\58.JPG","1933","58.JPG","2105","1600","2137232","ac5bb701497efd3e64766bc90b13be5452fb58ae67547e93510f7c7621149701","unverified","","","","research-only"
"1933\59.JPG","1933","59.JPG","2018","1600","2085423","c581fe01aec81950357a5ae761558c4f55321a2652db67e3255f9c09201f530e","unverified","","","","research-only"
"1933\60.JPG","1933","60.JPG","1144","1600","703621","ac2b62cc444cbae3f1f77d7016e0b4508c2e1c663b7f0188b52698d94eb0256a","unverified","","","","research-only"
"1933\61.JPG","1933","61.JPG","1247","1600","911272","61cc3f4a2d0e28a0a0636578152ba68eca941a000cf8da4d92b12dc17e06377d","unverified","","","","research-only"
"1933\62.JPG","1933","62.JPG","2148","1600","2084356","71d52cc4365ce5f1d6f95e9b328c9a1b31072c34969af3f4ec0c03723c3011d5","unverified","","","","research-only"
"1933\63.JPG","1933","63.JPG","1282","1600","947482","88d5e3c77eb7c67a958a56266687e6384acb73af24dee288ef74c36b227b88a4","unverified","","","","research-only"
"1933\64.JPG","1933","64.JPG","2697","1600","1737718","a53a40b05df946ce36de923ac1c99e7f3061278968b5d11773bf8c44b5e3dee3","unverified","","","","research-only"
"1933\65.JPG","1933","65.JPG","2088","1600","1964274","8b9eef42f8c097c6bf080af3bbf4cf52d208a320b2f07244e8d5378f95f73085","unverified","","","","research-only"
"1933\66.JPG","1933","66.JPG","2096","1600","1575100","a839489741e64138fc3a196030f668232eadb60222422f67b664b855e4c2169f","unverified","","","","research-only"
"1933\67.JPG","1933","67.JPG","1169","1600","1079792","a6cf2a09237556b3ce5ec90a822813c4b763c1b5f949167e62ebfbd3e4363210","unverified","","","","research-only"
"1934\68.JPG","1934","68.JPG","1157","1600","724643","fb9fd2d68027597a944e078e46874359fbdf32f419241deb66e0dd3b5e0349c3","unverified","","","","research-only"
"1934\69.JPG","1934","69.JPG","1118","1600","698717","f5c300b07aaa1d5c640f4008db5da44030c68a61eded8bd1112ae6474c797dc3","unverified","","","","research-only"
"1934\70.JPG","1934","70.JPG","1242","1600","884740","960c4d8342595b222b7221f53363702962a5357ad673b9aedb7d3b5260df337e","unverified","","","","research-only"
"1934\71.JPG","1934","71.JPG","2016","1600","1677242","340219572325887bef44f9267a15a35b1a876b86f4b838f4d2898da9c0cef220","unverified","","","","research-only"
"1934\72.JPG","1934","72.JPG","1308","1600","1180262","6d7b23dabe53514785572d66145f5d9a426791bb9a6b804db75cbfd8f7c866a9","unverified","","","","research-only"
"1934\73.JPG","1934","73.JPG","1127","1600","805820","6db5bee8cff0bba8810afb50bf095e368d9e5f2d8ff254c2a5eaba8c1d7c5393","unverified","","","","research-only"
"1934\74.JPG","1934","74.JPG","1315","1600","975254","3c807c6d887b36b8c5ef34949a46c9c04f7667543a6170f18086c4d220c39d37","unverified","","","","research-only"
"1934\75.JPG","1934","75.JPG","2115","1600","1733814","0999cd1161ab936d78e1cc9581e2d06288b1c7762e73f34da4b7f67635c54482","unverified","","","","research-only"
"1934\76.JPG","1934","76.JPG","1343","1600","1521651","c5600179db5569c40b7e52176be3a468341ea5d9102a2a889a9a8b20d4bdf837","unverified","","","","research-only"
"1934\77.JPG","1934","77.JPG","1179","1600","638665","9cb8591f67c7ea23091d1bfb1c325205b6804a78a247320f657a64bfb03a3a25","unverified","","","","research-only"
"1934\78.JPG","1934","78.JPG","1238","1600","1187081","9bfa121632d14477490ce7e4e08e2c0041153fc895a83fcd169a09b5b0df7e3c","unverified","","","","research-only"
"1934\79.JPG","1934","79.JPG","2069","1600","1562752","3e71dbe37dfe0143d07560b5ddbc3f878b6372e0ed60a6f86d6ec3f42de181d6","unverified","","","","research-only"
"1934\80.JPG","1934","80.JPG","1998","1600","1518617","96c7732bda752c0b0293fc0036c9516ecef3c1932765295d5931108067dfc044","unverified","","","","research-only"
"1934\81.JPG","1934","81.JPG","1252","1600","1288250","e65ec5d08185bf4636f2b2adb045a26e3d02d2ef012deb19800918931ed7bb33","unverified","","","","research-only"
"1934\82.JPG","1934","82.JPG","1273","1600","878160","dc48acdac14475f930bb435c30067d0a621781643e0d85bcc315da4b0c7b9ce9","unverified","","","","research-only"
"1934\83.JPG","1934","83.JPG","1200","1600","989586","744757a372d417ad33ddbada0543a2c917111d8c2450de6f985e42fbc82f89b7","unverified","","","","research-only"
"1934\84.JPG","1934","84.JPG","1261","1600","1215398","071417df4606b4416374bf0faa4db7eb1a8b18d558aae42eb973f1b46782d3f0","unverified","","","","research-only"
"1934\85.JPG","1934","85.JPG","2109","1600","1670558","4af1ff554b115589b9c5ee1cafea46eb10a7f8b72f284a5bde24e8c649836e94","unverified","","","","research-only"
"1934\86.JPG","1934","86.JPG","1315","1600","860177","c4e1fcb605f2a76f6b5db1f8a0e14c37cbeb1d6c86ac659a198e836bad7da637","unverified","","","","research-only"
"1934\87.JPG","1934","87.JPG","961","1600","684141","a63005f867255ae419537ddba2bb4871516e218a6923e843caceefd2a7e24037","unverified","","","","research-only"
"1934\88.JPG","1934","88.JPG","1068","1600","763589","6919afb98268f7cf903b3e7a7882e7e574590106e0163184e68ddb76af4f118f","unverified","","","","research-only"
"1934\89.JPG","1934","89.JPG","1243","1600","871070","f54eef1a1fd14bfcc19f6a9898ed902aca952838f6ac4e9be5b8fb0c2893f7df","unverified","","","","research-only"
"1935\90.JPG","1935","90.JPG","1008","1600","884057","188e7b4dac520633800b8d79e5f231fc7fff8383ddee4746814af78fa4dfadbe","unverified","","","","research-only"
"1935\91.JPG","1935","91.JPG","1320","1600","982845","0ffcf7a2f805b36f8dd39ca7fbe4426fdfed71c4521d8c8859abf91500bd49a5","unverified","","","","research-only"
"1935\92.JPG","1935","92.JPG","2019","1600","1995862","64217fac708e9c8a37bb8464acd5f390cc7e5d2327f6c57fdf0cab81d34a2c45","unverified","","","","research-only"
"1935\93.JPG","1935","93.JPG","1635","1600","1647186","466911c55813c9d17f7b7f2f12ca90920d0d4c363d46c59f375ead9b0feb06ef","unverified","","","","research-only"
"1935\94.JPG","1935","94.JPG","1831","1600","1436414","d8116b31d3dd265e924ebcbfc7790e1282908179e06fd779007b656569ad4c87","unverified","","","","research-only"
"1935\95.JPG","1935","95.JPG","1235","1600","947990","bf355fd8c1bebaa980febdc74849801b0dff9b28698350e0ca9f9857698fd5b1","unverified","","","","research-only"
"1935\96.JPG","1935","96.JPG","2113","1600","1961475","e00d279854fcf13f38e10fbddd5144a0f50ace6a02dbb5106207682c6a27f87e","unverified","","","","research-only"
"1935\97.JPG","1935","97.JPG","1066","1600","969822","33133c2d329c2c35f20ba55185cd73cca45146668294650594d622d067b0599b","unverified","","","","research-only"
"1935\98.JPG","1935","98.JPG","1177","1600","773767","e1424db950776812dce5fe038ea9ddeb2fd232edc70cf202e6d8e254f6378079","unverified","","","","research-only"
"1936\100.JPG","1936","100.JPG","1262","1600","904174","7628577d96660018612702b7fe212f2966fe8b8f610ec6ddbd83c0972b4b9b7c","unverified","","","","research-only"
"1936\101.JPG","1936","101.JPG","2323","1600","2084806","eb1ce4aba935cf64fcb4c3b91c720abc08c34e32e392cb1d7209c46361a121ad","unverified","","","","research-only"
"1936\102.JPG","1936","102.JPG","2337","1600","2120628","805b7233f17292a56989a7e25ef4b2b5b365fa6cded9315d5ad651cccc1cf322","unverified","","","","research-only"
"1936\103.JPG","1936","103.JPG","1533","1600","1202227","f71786536ba7e221bd10566c05fd6cebedfc6730c95eee3c69b43e36406bf582","unverified","","","","research-only"
"1936\104.JPG","1936","104.JPG","1712","1600","1347151","a966ce9fbae9e446e0a271557c2a814468a971a2279f5f74a69de2530b24a65c","unverified","","","","research-only"
"1936\105.JPG","1936","105.JPG","2255","1600","2179806","549dd5f221c8cc45ceec7e5d2fd6ed1e48b8f99bde85a8a4164aff1110b53d30","unverified","","","","research-only"
"1936\106.JPG","1936","106.JPG","2012","1600","1858349","332c5727aeb4d30588aaab270ffb99f6cd75842257be075782a0dabd7e96b15b","unverified","","","","research-only"
"1936\107.JPG","1936","107.JPG","1506","1600","1086979","dc8ffd17a22459d376fdf140c1c72f3dfad5b61669308706b8b2b4b4abb13c72","unverified","","","","research-only"
"1936\108.JPG","1936","108.JPG","1240","1600","831736","120b8e8b478fbbc32753ce226568f3aa694e1600fd4d123dea3aca4c218945e3","unverified","","","","research-only"
"1936\109.JPG","1936","109.JPG","2705","1600","2562792","003bd9e0745dba61607dd274ddd08d90e49789dc35de290606d176cb42b99a5f","unverified","","","","research-only"
"1936\110.JPG","1936","110.JPG","1921","1600","1862341","a4f6fbd56a8d20ac89f6cc209004595d0cf214fb688d63e567551981a196f270","unverified","","","","research-only"
"1936\111.JPG","1936","111.JPG","1606","1065","857133","5a291e5693f6ff9798755ccf6ebe6a4aa29c41f6edacaead2ef7885baca67383","unverified","","","","research-only"
"1937\123.JPG","1937","123.JPG","1237","1600","844577","da97ba42d562143a488626288e5b654d48c81f8381d765d0dad60814e1ff1ea7","unverified","","","","research-only"
"1937\124.JPG","1937","124.JPG","2373","1600","1687892","9529523a6482a2cb6c41bd826a4ef9116fa9aeb5ad2d52f65a6e865e550e7d1d","unverified","","","","research-only"
"1937\125.JPG","1937","125.JPG","1193","1600","1048890","736f61bd3b364f219531c0c71c84a67eb4a0252967c04aab53ecd0bc58a06776","unverified","","","","research-only"
"1937\126.JPG","1937","126.JPG","2357","1600","1869989","6f75a99041acf6700b4feb58695f4395ead8ebdb76e91c711129f4731088956d","unverified","","","","research-only"
"1937\127.JPG","1937","127.JPG","2521","1600","2742101","d86975f45ef8d698b68bdc779b5fa8227e32825769c99cdaa824a9cc396ff7cd","unverified","","","","research-only"
"1937\128.JPG","1937","128.JPG","2402","1600","1990593","5a1a660aa42974641dbcf91e7ebe004db1c972781f33cc35245cb86911a35419","unverified","","","","research-only"
"1937\129.JPG","1937","129.JPG","1616","1600","1397908","2b24f435f8961201dd73d4cdd8ed2130f45825039ce90ce84c04cdcb1370fa35","unverified","","","","research-only"
"1937\130.JPG","1937","130.JPG","2463","1600","2733896","ccb6589e1fd19a472b743f7f5a0dd57461163fbd7a63f6bb43bc489674359731","unverified","","","","research-only"
"1937\131.JPG","1937","131.JPG","1224","1600","1095739","a8c8cdf0e895b552a1720d7d3c3ff75b3fcef8df872e6037290a96e9d4e25869","unverified","","","","research-only"
"1937\132.JPG","1937","132.JPG","2000","1600","1766906","613b422ef7ee48348b4e3b5e21d99e32fcec744408eaea006dbc6c49970d49ce","unverified","","","","research-only"
"1938\133.JPG","1938","133.JPG","2223","1600","2615653","08c1cc815ae5e0f3e19e24c0b129ec1ac196e387587d20ca402a8db1928f7c4f","unverified","","","","research-only"
"1938\134.JPG","1938","134.JPG","1110","1600","946495","5e052809f6e1b1c6ed8490c77234c60631426f1a13f0f8bb88369a340fbc112e","unverified","","","","research-only"
"1938\135.JPG","1938","135.JPG","1454","1600","1362770","4d5a4c7ecee2212874d65503ee22c968b1dd0da2572b1ae44da25647e8c27960","unverified","","","","research-only"
"1938\136.JPG","1938","136.JPG","1860","1600","1884623","2d60625ad063a43a6c20fffe42e80a5a5e91e9ab9e30a16f8a7a46fe6b831cb0","unverified","","","","research-only"
"1938\137.JPG","1938","137.JPG","1973","1600","1699011","299f204c7c051590679fbd0582f3c307e598d5509f7c463c1d6afd5ed2eb1a23","unverified","","","","research-only"
"1938\138.JPG","1938","138.JPG","1976","1600","1699538","425f348fa718a36240eaafe9cadf3b678ae0c2bb414188b5c0cc23ba82cc3ace","unverified","","","","research-only"
"1938\139.JPG","1938","139.JPG","2020","1600","1639359","117ab8d61dd4031cf28f2806246ddf35fa36aebfe319c8704b67a06101bb8dd8","unverified","","","","research-only"
"1938\140.JPG","1938","140.JPG","2260","1600","1780452","f2bcf21511d7961b9e753910ab603483c353e9d452f4c78c1353c8fd7e2da0c0","unverified","","","","research-only"
"1938\141.JPG","1938","141.JPG","2040","1600","2132275","2c263a0754dff0c52325d8523bbd6de841e85beaca6c2d29673fd4156bd102dd","unverified","","","","research-only"
"1938\142.JPG","1938","142.JPG","2088","1600","1853894","4d63c64ad06fb2f7db78ec1249c73bf125c3da3f6a67325613e37c1e4e6be6ed","unverified","","","","research-only"
"1938\143.JPG","1938","143.JPG","2060","1600","2001308","5e9f6cfe7735a370d53f0fb50f82e14191ce0ef85b4173600abbaff613e3d6a5","unverified","","","","research-only"
"1938\144.JPG","1938","144.JPG","2038","1600","1802063","112c1f287e5bf66ad18032214b9ffc4bc06b56890cb2dc7b863120ed6e2d6ccd","unverified","","","","research-only"
"1938\145.JPG","1938","145.JPG","1219","1600","1384585","42729fd5db5eaeefb8d47f823aa99c87d7700f27d9d3edc5521eb7f54e2715cb","unverified","","","","research-only"
"1939\145.JPG","1939","145.JPG","2008","1600","1713654","9b96c6635bf424fd7b5e5dc2aa626e64af8aafc6a6a354f01cc7cc210908a776","unverified","","","","research-only"
"1939\146.JPG","1939","146.JPG","1281","1600","1523021","8692e04595f7bfd189a9533d3c60a8cc18da7f8cfceefa7861c9b4fd7569ce40","unverified","","","","research-only"
"1939\147.JPG","1939","147.JPG","1052","1600","1108981","a62034a73216fdb9d639e02377a20cdb20aa8a092c106583def7629d5f51b754","unverified","","","","research-only"
"1939\148.JPG","1939","148.JPG","2279","1600","2590823","270e0ab73043a3367a6dd7f19c515fec86394ecf74097a5ed1cbde4e10f4c54e","unverified","","","","research-only"
"1939\149.JPG","1939","149.JPG","1360","1600","772278","b3ce362d372dabaf800a0299de7dddda1776a9a54f65c5492d667cac44cdb686","unverified","","","","research-only"
"1939\150.JPG","1939","150.JPG","1887","1600","1559586","cdffd65f46c6240ea12958d37a2d56219ba8aee2038d5e6fe05b28d22cf1a0ef","unverified","","","","research-only"
"1939\151.JPG","1939","151.JPG","1929","1600","1535244","2a6ab6b3a814723944bf6e9afcf96707dbd8e1a9dab41b4ccc61ae647f847b22","unverified","","","","research-only"
"1939\152.JPG","1939","152.JPG","2291","1600","2146601","2ef1ccb5a07f748ee5ff3adf9e2e1910b9489769b26306bb3c2e1b4483b42d89","unverified","","","","research-only"
"1939\153.JPG","1939","153.JPG","1799","1600","1621945","51cb3d58e46ad4d3ffd85c6a6cb82c0cff94eda7fbb9aaef05eefb3faeda87c8","unverified","","","","research-only"
"1940\154.JPG","1940","154.JPG","1332","1600","1046240","4e40f8553395a779ae1959fd263a789b22b491da50f3dc10c2fae46f29cf61c9","unverified","","","","research-only"
"1940\155.JPG","1940","155.JPG","1874","1600","1390378","b88fe43dd610df6dbd56f94e3a7f5ec37b1ed41a27dfebbf75f080f54e7b2f8e","unverified","","","","research-only"
"1940\156.JPG","1940","156.JPG","1960","1600","1719562","0b2dc554ef5fa99d00ad10d8cb2d6a384c0ad36c0e0c257a48d54d2f6d8aed85","unverified","","","","research-only"
"1940\157.JPG","1940","157.JPG","2005","1600","1706818","7f6a5696e986519deb146eb582a5df7cb827fb407cb5649942c590af5e257cde","unverified","","","","research-only"
"1940\158.JPG","1940","158.JPG","1239","1600","750196","3a61745a4d805f93a516b8b1719f865b8c69652c86f1cb02b0ac73e8735a3664","unverified","","","","research-only"
"1940\159.JPG","1940","159.JPG","1986","1600","1910704","6cf9e947583996885f50a85f25c45791feb63a1ee43f104b0ffda9b7271126de","unverified","","","","research-only"
"1940\160.JPG","1940","160.JPG","2056","1600","2174314","d23d13bd36812b4234839a2135355b362f2fb05725381051f5c2f56b3ee121d3","unverified","","","","research-only"
"1941\161.JPG","1941","161.JPG","1213","1600","1028375","d123880bdba063e198f0f07dae3abcc481751a139f11412d7384217d8942ff7b","unverified","","","","research-only"
"1941\162.JPG","1941","162.JPG","1155","1600","938985","b1831de7e4a78f38ea47af9cf32f1164b69fed76e01677d1f00469868a6158ec","unverified","","","","research-only"
"1941\163.JPG","1941","163.JPG","2625","1600","2713494","4ea3958497364e270510c30182b48cf94fcfad01382684252fd3af5b42e516ff","unverified","","","","research-only"
"1941\164.JPG","1941","164.JPG","1301","1600","815852","2fbb7fa3ebb8cc958401ae1bb51e92068fb77198e31ee922058f80a9a46ea102","unverified","","","","research-only"
"1941\165.JPG","1941","165.JPG","1961","1600","2248207","2c9af5c2d9f7eaad726b90c240cc9f1d44b07cd7fc0630a14169042cf92e76f8","unverified","","","","research-only"
"1941\166.JPG","1941","166.JPG","1838","1600","1450265","86e3343d3cfebebd4ad25b4b1716a91bfe097d5fb18db498058c128a16266e04","unverified","","","","research-only"
"1941\167.JPG","1941","167.JPG","1154","1600","1207626","e6dcc5edfd712acdceb35951b71f6f67ce383bd2b2725afb8f6b332e5fb0a546","unverified","","","","research-only"
"1942\168.JPG","1942","168.JPG","1198","1600","835223","0f83ba9d20c04142592cb4dfccaaa0fc7426c4412af23f057209e56bfe9623e4","unverified","","","","research-only"
"1942\169.JPG","1942","169.JPG","1508","1600","1495045","985376d433cbbc7f86eba500334f2987265943662133e9437920f0e134284dd9","unverified","","","","research-only"
"1942\170.JPG","1942","170.JPG","2532","1600","2868489","da5bc01ebdcfed46fb6604dbb2c3c10670e51dbb8f12b0c4aad737592e70c692","unverified","","","","research-only"
"1942\171.JPG","1942","171.JPG","1307","1600","1241716","1820fe1e69736cadd2121a0472fab777fcfa319a760f16b2b9f5a7619df3667f","unverified","","","","research-only"
"1943\172.JPG","1943","172.JPG","1738","1600","1408876","f569c9a919d638d3abaf2a18da07d39f75aa93bb36be4c228509c100957a16f3","unverified","","","","research-only"
"1943\173.JPG","1943","173.JPG","2086","1600","2187740","660272a00304e8ad3588218430b1677ce4096a8f463d643adb6877ac7c608674","unverified","","","","research-only"
"1943\174.JPG","1943","174.JPG","1113","1600","1028146","134c7aaa2c15c3561e7fd26ee189a40d073ac779f6ef0d39dcb331560b115a7c","unverified","","","","research-only"
"1944\175.JPG","1944","175.JPG","2773","1600","3102156","042f8c7c760d8407896998fda96d986922f584cbbbfe500add0d323b49247e02","unverified","","","","research-only"
"1944\176.JPG","1944","176.JPG","2811","1600","3202380","d6aca16ab20b036d904c35b2e7691ba622150a7c87568168fe6821bd1508e30e","unverified","","","","research-only"
"1944\177.JPG","1944","177.JPG","1089","1600","784361","6a0d916ef193cf61c196215dcdaf53b2c6be8c70db76a124c0635fa2fb198256","unverified","","","","research-only"
"1944\178.JPG","1944","178.JPG","1243","1600","1129655","232a2d5657843653027934e8228e898aff9c62d21e60676b8817e9ab7335ddbb","unverified","","","","research-only"
"1944\179.JPG","1944","179.JPG","1234","1600","938581","857195b00780c92eeb5e115c6ee21c4a3eb2b0a18196118e3d18259fdc462dd5","unverified","","","","research-only"
"1945\180.JPG","1945","180.JPG","2693","1600","3122574","4be966edd16c867cae43f96f512278f3b0798d95fe60f29bf23658d6e479313a","unverified","","","","research-only"
"1945\181.JPG","1945","181.JPG","2135","1600","2239002","17407e187f52cebe51894ab20e62a9ebf4e1cee95d63b1420098068128464854","unverified","","","","research-only"
"1945\182.JPG","1945","182.JPG","2020","1600","1519191","5de38631beca3201f3806e39203b63af8b60b1a5ff2730896b503f5761d89ade","unverified","","","","research-only"
"1945\183.JPG","1945","183.JPG","2207","1600","2004188","a3963f345bb0eba85108ea918472649a312ba78f44b17a842e9d94b9fd91f56a","unverified","","","","research-only"
"1945\184.JPG","1945","184.JPG","1239","1600","1149964","fcdfe006f69e5ef64e770a6122c239143f6415d11fd543754f534dcd166a4e7e","unverified","","","","research-only"
"1945\185.JPG","1945","185.JPG","1349","1600","942839","36c5f339f59f960cb9a654c3ed265e5cd7b3645f03db9705d23844bbd69efc28","unverified","","","","research-only"
"1945\186.JPG","1945","186.JPG","1236","1600","839783","40e3e13320befda793b59a46966c2f27b9449ef2c85887bef19543862a12395e","unverified","","","","research-only"
"1945\187.JPG","1945","187.JPG","2050","1600","2171310","755f459257ae75c8bef6b2eff0f7d29aac0aebd6d129818f75d0c16bd3e1ece2","unverified","","","","research-only"
"1945\188.JPG","1945","188.JPG","2023","1600","1470076","cfe95e6c900456b46b679aa8f968ca62e56bbbffd5c1506b5050864f6f102b0a","unverified","","","","research-only"
"1945\189.JPG","1945","189.JPG","1983","1600","2336588","ebe4241a97fa0feefaa98a6428d3578b71d536ae152e0d8410753cd33ec8e973","unverified","","","","research-only"
"1945\190.JPG","1945","190.JPG","2984","1600","3570435","a7790bee6d96b015e3d33355a87368c77c6af6377f7757bde12da72ab42416fe","unverified","","","","research-only"
"1945\191.JPG","1945","191.JPG","2084","1600","2142773","284631f2ea82cef008318017ce5b18061e1f8fdb303d361964a233008a148db1","unverified","","","","research-only"
"1946\192.JPG","1946","192.JPG","1076","1600","898938","4c55edb36b9bff6e6c6bec029d2587044e52f6ac0b28b8a08fca704463b987b3","unverified","","","","research-only"
"1946\193.JPG","1946","193.JPG","1971","1600","1602685","4ed9647647a5a8c90e0cab88bd10f326362793f3092075ec74df808fd9f031fb","unverified","","","","research-only"
"1947\194.JPG","1947","194.JPG","1290","1600","807450","f508674694ae1c2f37b37f6c8d7df03df422dc367745b53ddab6cd5b9a110658","unverified","","","","research-only"
"1947\195.JPG","1947","195.JPG","1095","1600","957609","508b90ff3ea197c90be52bf7d5030a96a2b7c1e43a9fd9927238a700d585cd2b","unverified","","","","research-only"
"1947\196.JPG","1947","196.JPG","1984","1600","1788537","b16fa2fb7847a831730ec2e378f72f3ba35c9c23d9b089ed121c02ac753a9133","unverified","","","","research-only"
"1947\197.JPG","1947","197.JPG","2013","1600","1982263","0a3f60e27c79134c07a0fa5ac6aa1aec7351415bd994d6a38dc9de027f35573a","unverified","","","","research-only"
"1947\198.JPG","1947","198.JPG","1506","1600","1197243","101c9564dbb412af4db3eea09f323594a7d9f79e46f2e11299ecbb0d53bb5293","unverified","","","","research-only"
"1948\199.JPG","1948","199.JPG","1916","1600","1544346","00642c004b131140a73faff2a12bf1af167d80b1c1d762f83ca15ea9339c9c42","unverified","","","","research-only"
"1949\200.JPG","1949","200.JPG","1215","1600","880013","f934de91fe0d17774d8640eb4e9dd3b8f0d54e83072fc4e0ccfba00a3ef48861","unverified","","","","research-only"
"1949\201.JPG","1949","201.JPG","1241","1600","935525","98550e9379503b9423db6562e23e0d6576e8888ef5c912e6117752e26984a7c2","unverified","","","","research-only"
"1949\202.JPG","1949","202.JPG","1162","1600","765841","21aba70deeda7f6cefb481010ce5f91d82a1ab075ef5500bd1ca78efaf648166","unverified","","","","research-only"
"1950\203.JPG","1950","203.JPG","1622","1600","1692976","42a50a2ee8f26395b0431d28748869ecf2e4393e552316b69ef3a033016c9c6f","unverified","","","","research-only"
"1950\204.JPG","1950","204.JPG","2133","1600","2345036","5b469d71dbf6669f7885b351653611f71830fbd21412eef624463421b8372280","unverified","","","","research-only"
"1950\205.JPG","1950","205.JPG","2072","1600","1230997","61c3c10d0ab4a31d9ebcfb65c3073282f55cbffb8be23f5a53309ab05a79ca0e","unverified","","","","research-only"
"1951\206.JPG","1951","206.JPG","897","1600","481881","bb608d47aefa24ab69fde7c30ebf49c2ea53b749783ff0e13f100795a7ba8d4a","unverified","","","","research-only"
"1951\207.JPG","1951","207.JPG","1109","1600","902498","69833650f044b010d38a54e4e9a723cb5c248aaf35c79c44e137d9b7ec8cedbb","unverified","","","","research-only"
"1951\208.JPG","1951","208.JPG","1209","1600","953738","52cdb66e44f011837c707d271966a949fcf4fd717dedffe488e6f7a6f30bf1e4","unverified","","","","research-only"
"1951\209.JPG","1951","209.JPG","1208","1600","1248923","1507882b700adbc3f6002ef3d77868c5de283f7e73eecf32f547279e234f71b6","unverified","","","","research-only"
"1952\210.JPG","1952","210.JPG","1012","1600","844506","c27ee74c2d2751659d75e7f9c6b1c5902bec3806e89f551bf8fc7a7399b8b6bf","unverified","","","","research-only"
"1952\211.JPG","1952","211.JPG","1169","1600","793635","29038e8d23e3c4ed1d967c8eeed3d385c7e4a604ba6f38a8c6304a8b6e98f7ae","unverified","","","","research-only"
"1952\212.JPG","1952","212.JPG","2213","1600","1835398","bf14eb6f7d0597b7688da0a6f0a8c609a23fdf4fa6e6f39e27a16a1eedf5ca4a","unverified","","","","research-only"
"1952\213.JPG","1952","213.JPG","2407","1600","1792720","457a88476ae15b9fb74f10e731b604883b2053eb7f1be7031fbc9f0c6123994e","unverified","","","","research-only"
"1952\214.JPG","1952","214.JPG","1165","1600","670814","82cf2e7e5c73911d661de8e3a1ff62612a54e55eeb0908ec497305c76035363c","unverified","","","","research-only"
"1953\215.JPG","1953","215.JPG","2112","1600","2346707","0a8d1085189591bfff43761c16e3be8acc670d68cb96c378c25aff6e09772672","unverified","","","","research-only"
"1953\216.JPG","1953","216.JPG","1153","1600","836287","e8d209c2ca8dfba30000c53705b62b0e0addb0d8ddf403c209f708a2c4c07e61","unverified","","","","research-only"
"1953\217.JPG","1953","217.JPG","1165","1600","750296","bb7c439146205de03148878fc5ca2f13be10a963c4ee9dc01e4feb57acd5593e","unverified","","","","research-only"
"1954\218.JPG","1954","218.JPG","893","1600","629716","9c3e3353a6d57efbd0407d931a7f776809d162efd4697ee84e85c1daffec77a3","unverified","","","","research-only"
"1954\219.JPG","1954","219.JPG","1006","1600","584591","a100a3ec62b9a5a4e64540cba9bfed8259fb0a9e3ca27d9ab11db52962171274","unverified","","","","research-only"
"1954\220.JPG","1954","220.JPG","2006","1600","1501150","c29946209d448bcc52e0b925fab3b9414c6efcbd3954dee50d78865d2547fd2f","unverified","","","","research-only"
"1954\221.JPG","1954","221.JPG","1162","1600","778525","c1eabdc972629e904e3caff2428e6a57d31d197a0848c093363346d6a365d79c","unverified","","","","research-only"
"1954\223.JPG","1954","223.JPG","1887","1600","1534263","43fc65ecd3dd86cb50823013820330f71a973c0c8be0ebbeb9e103ff38dc02cd","unverified","","","","research-only"
"1954\224.JPG","1954","224.JPG","1277","1600","1036672","a4c8ad28c0a31a69479c8b688b92ce65b75d7fc9e4969b9ef638194ca486dc54","unverified","","","","research-only"
"1954\225.JPG","1954","225.JPG","1792","1600","1767083","6db644163d05267def4da19f1451570ec8c04dba49924e94ecf9dffd14a97977","unverified","","","","research-only"
"1954\226.JPG","1954","226.JPG","1888","1600","1754781","6f9386ff6b4424dc5ccb0381e5ec2775bb6068606139fb76dc446f611a69d8a0","unverified","","","","research-only"
"1955\227.JPG","1955","227.JPG","1409","1600","1602594","527734f14de7c5f78bad59d91a4013884cdad91cd060defb565b08e7aa7a19a8","unverified","","","","research-only"
"1955\228.JPG","1955","228.JPG","2405","1600","2354343","053628d3b4773f6fa231abf79488b34541a5667884db0fb25d040d0990ffc5a4","unverified","","","","research-only"
"1955\229.JPG","1955","229.JPG","1320","1600","1071345","00ad86f91dd220f8f8491d596b4cc43ea324846e04799583a1da060cdb6aab0d","unverified","","","","research-only"
"1955\230.JPG","1955","230.JPG","2416","1600","1791924","3e65833a4af0255a628f981fb957b252602f2283244f4b45b56a52e8e07ab268","unverified","","","","research-only"
"1956\231.JPG","1956","231.JPG","1150","1600","1231173","bcb99c116096a91038913b45c3797511ddaa993cb75d75d222fc037e95f6ff7a","unverified","","","","research-only"
"1956\232.JPG","1956","232.JPG","1898","1600","1437654","1878cb6a60bc12d0ac1d12f21044749565f5de44bc3111b565fec32b7228673c","unverified","","","","research-only"
"1956\233.JPG","1956","233.JPG","2017","1600","2066108","63b355a6c05e14658b526bbdee688f089c1abad8249c914d5aa644ad92bba506","unverified","","","","research-only"
"1956\234.JPG","1956","234.JPG","1241","1600","1032104","fee57e24914bfc4800638d0a42041ab7e01327cea2462ed20c7ed8b7e266afbb","unverified","","","","research-only"
"1957\235.JPG","1957","235.JPG","1519","1600","1516059","dc0a88c8706cbaa712066568b278a5f20c16ae4ae71bf50e994b442acd7423b3","unverified","","","","research-only"
"1957\236.JPG","1957","236.JPG","1112","1600","1084329","8797349034d73ccb1ef7685eed8009c8d193e074f88002a9a2089fe3e29be953","unverified","","","","research-only"
"1957\237.JPG","1957","237.JPG","1126","1600","901182","3b9a7dd8ba3c255409ca27a3837d933004d8faf4b9c4ca1bf0886bf258f8f120","unverified","","","","research-only"
"1958\238.JPG","1958","238.JPG","1017","1600","813560","0077d01c213272f9f6ae099fc897193b73d8947ff3045998302e7a79f19073f0","unverified","","","","research-only"
"1958\239.JPG","1958","239.JPG","1372","1600","1598877","2c48a70e872203cf624e50ed565c3168e3858e21197c3f2fa454c687d29fa893","unverified","","","","research-only"
"1958\240.JPG","1958","240.JPG","1039","1600","864078","68076a5d7ef36d34afcea29aac04d1c3cb3ee1177ff5774bcfb37f8c43443a90","unverified","","","","research-only"
"1958\241.JPG","1958","241.JPG","1024","1600","549146","38c92c95256a39823739d82c16ca3f7b4d78e38d7869f9347629b9acd9728864","unverified","","","","research-only"
"1959\242.JPG","1959","242.JPG","2071","1600","1237346","5768d517504bea21c7cee4f85e2871e5f805458eb2595a6e23eea839f0801006","unverified","","","","research-only"
"1959\243.JPG","1959","243.JPG","1167","1600","1108248","d8f5d3622d4568652eeb653402ea19fe43c3fca4bfe56fca51fcdd48c0de46e3","unverified","","","","research-only"
"1959\244.JPG","1959","244.JPG","1004","1600","887065","de2cabbb4d473f28837d9a0289d57dbd4fcad1f4c58f4f6e756917436c059b5b","unverified","","","","research-only"
"1959\245.JPG","1959","245.JPG","1329","1600","1358884","c75d3db694fde439b6bab49f526151b83391c39f75c5741122eb782e630f8287","unverified","","","","research-only"
"1959\246.JPG","1959","246.JPG","1182","1600","1149213","0be155a7085505a9ad97ef476d03f797866befb441caed12b7d21113ec61fde8","unverified","","","","research-only"
"1960\247.JPG","1960","247.JPG","1204","1600","1186108","158ba2f6d97cf8c2e1277a28439459a56d230677fa6669a4b2d6187d48c019cd","unverified","","","","research-only"
"1960\248.JPG","1960","248.JPG","1323","1600","1010161","3b61d40248df5d1202948e5c2939ba96759d3891774eba00328c7bc10fdae2ee","unverified","","","","research-only"
"1960\249.JPG","1960","249.JPG","1618","1600","1653659","2873d4ae0414bce93591df1ebc49b3c73b6821533594acf9f4e80ec9fc1e1857","unverified","","","","research-only"
"1960\250.JPG","1960","250.JPG","1250","1600","1350238","c6238363384c7f24b1b45dd8a0261a3b7117f7dd4c13aa7f799f0f7ffcdfaa6e","unverified","","","","research-only"
"1960\251.JPG","1960","251.JPG","1420","1600","1547556","ca3be3c20a82cc254ff4694c8b3f5214ae1689f9b9e58b73f92f1ae1856ce05d","unverified","","","","research-only"
"1960\252.JPG","1960","252.JPG","2183","1600","2287298","4aad4a3b46a588e047fd3285c921848ef03fbe2b22ed40a71dd44a533fd2a288","unverified","","","","research-only"
"1960\253.JPG","1960","253.JPG","1920","1600","1632975","06759c23435a5525f5f5c6aef4cc9c43268d39750d2cc2b46f7144b2bf8f27c1","unverified","","","","research-only"
"1960\254.JPG","1960","254.JPG","2266","1600","2438423","1631ded952a50f8885baa94c00cfa241d61ea609a35764f8f4cb174f8f548b66","unverified","","","","research-only"
"1960\255.JPG","1960","255.JPG","1479","1600","1719037","a84887748005ef9f4fd77bc9055487c6341a7d960f2fdb93a6b8df601ca187c6","unverified","","","","research-only"
"1960\256.JPG","1960","256.JPG","852","1600","543610","7001130b64042555d30e76b7fbd69568b841a6388e2063acc6afe5e955be02bf","unverified","","","","research-only"
"1960\257.JPG","1960","257.JPG","1461","1600","1069577","6e597df7eb13ae124752a406fe8ab3354b8438256a26d5a143e98a6dd4b03b2d","unverified","","","","research-only"
"1961\258.JPG","1961","258.JPG","834","1600","483325","480f947909a2afabe5acf493f9601da0b850510c8d4dd680f7fff6a6d6caa7a2","unverified","","","","research-only"
"1962\259.JPG","1962","259.JPG","790","1600","523045","5579f05fc96ce7121252aee26faf1c20992140416db571f5763c734dd007d700","unverified","","","","research-only"
"1962\260.JPG","1962","260.JPG","1361","1600","1242799","c69bdcbd77d4763fafdb4f6304dd70fe2ed29930882a963654925b73b2a2633e","unverified","","","","research-only"
"1962\261.JPG","1962","261.JPG","1207","1600","902486","d793b5858ba77a9094cbbec048868a24e4c3cb4831394db7ddc5290af319e0be","unverified","","","","research-only"
"1963\262.JPG","1963","262.JPG","2094","1600","2073956","03fb19adcbf7e5ac101a192978f3bfde3067372b4033bce759b618108b23e429","unverified","","","","research-only"
"1963\263.JPG","1963","263.JPG","2014","1600","1781181","8668f8f2c99fb339f647d0055b33aedcaa9ca56bd1f11b4b315f789187896c28","unverified","","","","research-only"
"1963\264.JPG","1963","264.JPG","2499","1600","2501170","6526a0507da10729a644e5893b473322bc0827eb2f44cf880c642daacd3fb265","unverified","","","","research-only"
"1963\265.JPG","1963","265.JPG","1624","1600","1623215","2167549790183a1a2ce9865d20f71b9e780905952a3e2d25617eabfae4c7275f","unverified","","","","research-only"
"1963\266.JPG","1963","266.JPG","3953","1600","4159878","911bee903b2726efec748a6e5aa4c53f3ab7c8de47dea89931c78741a6ce94b2","unverified","","","","research-only"
"1963\267.JPG","1963","267.JPG","2283","1600","2491185","81a65a30837d666c90dbadd5d5f5b4739a9aad60073c973d09e1cde36e8e0496","unverified","","","","research-only"
"1964\268.JPG","1964","268.JPG","1162","1600","1436555","9fdae6867fbb6ea912f1ed7949b3ff154d011e21fa71fb69b77323988dacbee6","unverified","","","","research-only"
"1964\269.JPG","1964","269.JPG","946","1600","1023670","60fa7331365f2c5d513d9b25dba07c129a37f1d26af1075e685099d5d928c6c2","unverified","","","","research-only"
"1965\270.JPG","1965","270.JPG","2053","1600","1410875","8ca49a47f3f288bda8b829c9cf493358efd8ccfc55b467f88547514706355e0b","unverified","","","","research-only"
"1965\271.JPG","1965","271.JPG","2443","1600","2374225","9f7a99935a14314c8ca72205ffdfc82037f12bef577eb036fabe47e224f25197","unverified","","","","research-only"
"1965\272.JPG","1965","272.JPG","1234","1600","1469374","73ceb4a7db96c648ecded857002816a066fbb3a916e1205b40e0b43f92babe4e","unverified","","","","research-only"
"1965\273.JPG","1965","273.JPG","1230","1600","1268789","fe3d3bc5f15baaefae4ac6a89e8086e8f6ac2dcb48148ae92fd8db37e1fdc3f9","unverified","","","","research-only"
"1965\274.JPG","1965","274.JPG","3135","1600","2911752","417ce0ab2401385d064e34e74ea9030e3adf7fdc943b4affcc9df369fcc5f02e","unverified","","","","research-only"
"1965\275.JPG","1965","275.JPG","1075","1600","915190","f7c81fc12ba45bb206f87c606340d065292bbed70694d56cf74c45f88b1f9cba","unverified","","","","research-only"
"1965\276.JPG","1965","276.JPG","1051","1600","882290","f6d9bfe0fe0a3e536b33c0b9ac2f95899f9dfff0d13dceb19b3be960c79eef59","unverified","","","","research-only"
"1965\277.JPG","1965","277.JPG","1944","1600","1787334","e1cd7050a6d56eabde1e797498e34d68e4afd09128fb17a2472cd3ca2fd3cd8f","unverified","","","","research-only"
"1967\278.JPG","1967","278.JPG","1003","1600","863588","5b32fd121156ff46e4abcac6cf4b525e582685cfed1d70fbc8d0d643c03fd3b8","unverified","","","","research-only"
"1967\279.JPG","1967","279.JPG","1398","1600","1185505","3d47d0cf8ee7d656ce7540136cc0cf79b189fecf2b3db8afb590ace56aa8ef8d","unverified","","","","research-only"
"1967\280.JPG","1967","280.JPG","1293","1600","1335798","33a5f9576c72b907ffa5b9a5f4d125efa3cbaf6c43b1ae5eeeae694471a45188","unverified","","","","research-only"
"1967\281.JPG","1967","281.JPG","1990","1600","1740910","b911675b7c3da5ca82e7b937a7fae3f9d673254d5e5e4e7a23c96592e4009602","unverified","","","","research-only"
"1967\282.JPG","1967","282.JPG","2158","1600","2518993","c9a3cb150dd62b326eb870464bdb9f83eda7f9ffc536319e5ff44f13ac9ad2c1","unverified","","","","research-only"
"1970\283.JPG","1970","283.JPG","1170","1600","937283","8831ebd27884c1acfc83479549467c67cf38dea17e87dd63eb2cb526de623547","unverified","","","","research-only"
"1970\284.JPG","1970","284.JPG","1110","1600","875877","dda3bbd00860907429a0cc6dbad04fdc9596fc10b5abbfe0e5065b9db783a10d","unverified","","","","research-only"
"1970\285.JPG","1970","285.JPG","2052","1600","1745045","e8fbd6c306358ad1684990d5d19df012feeab0a2dfebb5a0036910089e019745","unverified","","","","research-only"
"1970\286.JPG","1970","286.JPG","1127","1600","1019596","289bf40f109c7afa9af1ec681c69188ce98092350d9071ff1f0e4d15ef2b98b9","unverified","","","","research-only"
"1971\287.JPG","1971","287.JPG","1623","1600","1673021","127d4adb96eac221e8dd29e23f67bec4da4e0405c48b21dacc0401f798c0c18d","unverified","","","","research-only"
"1971\288.JPG","1971","288.JPG","972","1600","658001","56908588b8065781b603314f895b24d05ed404292d99e0d4856a0e4d53ff12a8","unverified","","","","research-only"
"1972\289.JPG","1972","289.JPG","1894","1600","1371155","c185856faf0f74d7a64f38749ad64366ffa4e26280425fa6bdf8550e1ca4b2af","unverified","","","","research-only"
"1972\290.JPG","1972","290.JPG","1113","1600","1196604","05acc5edcb138807bacad55708d2fed320bba84869c1e787b11142dcaec18b62","unverified","","","","research-only"
"1973\291.JPG","1973","291.JPG","1800","1600","1372200","11ff16a438215c30513576aa7307b2251a842dee7367f2ce9337f9a6952be3f0","unverified","","","","research-only"
"1973\292.JPG","1973","292.JPG","1191","1600","936212","bb0dcacee272af4d0d0f4a84ec1b14da2e561eff551a1b3a16cd32a55da54fcc","unverified","","","","research-only"
"1973\293.JPG","1973","293.JPG","1527","1600","1080422","42ca57106892f90a55b44fd5366598fdf02b1ccc6175e14e2060bfc617acfc8a","unverified","","","","research-only"
"1974\294.JPG","1974","294.JPG","952","1600","883718","ab4c9c4a5b537687af9253d25d0242fb89337b3107e569022c35a775dbc40d7d","unverified","","","","research-only"
"1974\295.JPG","1974","295.JPG","2224","1600","2361753","7fde9fb001595d451200be326816e2cc6f97eb642d146d0a30986cd996928b9c","unverified","","","","research-only"
"1974\296.JPG","1974","296.JPG","1614","1600","1414433","bdcf59370d18d6d52b05838d9039efc3eac72ca7f4d713b17dcd37df34f4ee18","unverified","","","","research-only"
"1974\297.JPG","1974","297.JPG","1943","1600","1759978","ec4ec23bb4065ab3b662a4c6a994c07f1c323b8d422db1e81e3656bca78d5992","unverified","","","","research-only"
"1975\298.JPG","1975","298.JPG","1766","1600","1185842","e53d582a5ed5c669804466714e2e870aa26f68ab5f88a5b594733b2af9e8972c","unverified","","","","research-only"
"1976\299.JPG","1976","299.JPG","2065","1600","2208163","eafc1cb4b858aabd0fceaba81eace5ea1bb507658bc529db2bb6206b454ddc32","unverified","","","","research-only"
"1976\300.JPG","1976","300.JPG","1205","1600","797254","f0793dae28f24795d9052afa4523de19896e9e2d804757bd174d29481539bd4c","unverified","","","","research-only"
"1977\301.JPG","1977","301.JPG","1517","1600","796084","2bc447bc82269fd44b7e0f6e754692607583bea82610acfd03effab659b7ccdd","unverified","","","","research-only"
"1977\302.JPG","1977","302.JPG","2449","1600","2439345","b0c818a07c803b55790c2865177fb47443e6a9f60b652d6b6f2829cd2af947e9","unverified","","","","research-only"
"1977\303.JPG","1977","303.JPG","1082","1600","1186629","92b49f93c435e26e62fd8464ee9db7e906bc1be4f4dfa9140f9c3783b82d1564","unverified","","","","research-only"
"1977\304.JPG","1977","304.JPG","1466","1600","1515959","ab1295264c8b38ffafd4c30925d1ccb7a96fb3a8d5f9624dabaa11254816a733","unverified","","","","research-only"
"1978\305.JPG","1978","305.JPG","1616","1600","1656611","3c2d956675abcc5eb089435cc846bbbacc072ea0978f4e32b7cf14ed700a4748","unverified","","","","research-only"
"1978\306.JPG","1978","306.JPG","1630","1600","1161752","e46e08cc02c09b85fe3f9c93d19f71e99a9008c2f6d540941c987db7b35516c8","unverified","","","","research-only"
"1978\307.JPG","1978","307.JPG","1544","1600","1160148","1151a1dea90c818f0db4862e843a0888e022c74d4ca0793ea7e45656791817cb","unverified","","","","research-only"
"1979\308.JPG","1979","308.JPG","2456","1600","2460980","93d61b618c2dedec13fad930bab9337d788e925668a30ac837a29f0ac5bbd229","unverified","","","","research-only"
"1979\309.JPG","1979","309.JPG","3127","1600","3008233","be080e8c8413a0b857eee0d7b6d20c400c33990c9cfbc65cca82d90161db1f13","unverified","","","","research-only"
"1979\310.JPG","1979","310.JPG","3105","1600","3757616","f703661aa98029392cabeaa797d206f8ae4f97ceedc474f90dd292dd6d2e9fb8","unverified","","","","research-only"
"1979\311.JPG","1979","311.JPG","3137","1600","3004478","7fcadd240675ae6031274675b4d12d9ab284a65fe44d330b76c395d278619060","unverified","","","","research-only"
"1979\312.JPG","1979","312.JPG","1137","1600","1198080","84c9ce684288ec7d6f24bfd8f223f0ffb53a15d28380de421b885b210f14a1fb","unverified","","","","research-only"
"1979\313.JPG","1979","313.JPG","1348","1600","739393","cc650225282d760e8aa982fa20c0f74104279c4299f50ac6f62421d3eeada404","unverified","","","","research-only"
"1980\314.JPG","1980","314.JPG","2179","1600","2423085","35663e35089af709fda5681e059f2ce0ba99e885f04b4e58783753ebfc5eb048","unverified","","","","research-only"
"1981\315.JPG","1981","315.JPG","1303","1600","1073343","6a89ab407f8282fa2a169bed740c9a335c4796c26c69ce3efa3dcd6851bc138b","unverified","","","","research-only"
"1981\316.JPG","1981","316.JPG","1139","1600","1208710","e820d62d22213368b32679318cb2a80295f77dd27ada2e38a6072771a78b0f57","unverified","","","","research-only"
"1981\317.JPG","1981","317.JPG","2201","1600","2469201","9033052d51367d1cc1d21b6f1b808d7c1aa2f122e084b653b31d82ad2751a271","unverified","","","","research-only"
"1981\318.JPG","1981","318.JPG","1116","1600","823232","61982e790659097d3fe904ed94757492c457fa88a7de631ff742124159f9d6bb","unverified","","","","research-only"
"1981\319.JPG","1981","319.JPG","1074","1600","634864","31534ac7bfcf094bba5e616bce7bacee1feaf28b9216d7979848779c304e0204","unverified","","","","research-only"
"1981\320.JPG","1981","320.JPG","1243","1600","989392","4c70f1f93d068ef667aae7e431a4376ad64968ea725e6146b1a2e7bec64d2a24","unverified","","","","research-only"
"1981\321.JPG","1981","321.JPG","1181","1600","1320314","e273359860ed6bcaae819118378f7353d83f9578d64b720d8157d76879094e91","unverified","","","","research-only"
"1982\322.JPG","1982","322.JPG","1764","1600","1530431","6bc72ad2fa8ec05d7c404a1e20ec9d8fe5d5fc62754fe8c35a956b103154f5c4","unverified","","","","research-only"
"1982\323.JPG","1982","323.JPG","1286","1600","1642772","a0240befa0e1fb16a54d35ed0cda2efed067006014a81f1f96cfa417a2ad5779","unverified","","","","research-only"
"1982\324.JPG","1982","324.JPG","1604","1600","1345506","31303b4ab7b65fe0ea98ad34330fafad472c4bc867d7c7937e1d0b35f8d8b9bf","unverified","","","","research-only"
"1982\325.JPG","1982","325.JPG","1136","1600","868050","3bf6f6c9d2053570de29f776b3b00b0a7bfe74535d007a189386836154ca4114","unverified","","","","research-only"
"1982\326.JPG","1982","326.JPG","2062","1600","2535680","b1a44736b7b77bf89f04044f7898e3a4935e4c57c08434a21e2b1ce2b85ca7cd","unverified","","","","research-only"
"1982\327.JPG","1982","327.JPG","1617","1600","1770147","74e84f2e0662a8ea477b15ab27e1c94b0338b8b7920009e2943e99ccd215bada","unverified","","","","research-only"
"1982\328.JPG","1982","328.JPG","1230","1600","1194520","bd0d70d79b5f1694988430e8cdcff42b8c06e51a3e4ddc88c0e43119907b8639","unverified","","","","research-only"
"1982\329.JPG","1982","329.JPG","1966","1600","2266685","0d91402616df072f68cd1deb1d477ba34ea0eda86dbf6d73955d013011908720","unverified","","","","research-only"
"1982\330.JPG","1982","330.JPG","1306","1600","1449453","15f8521a4ea83ae80af99a56691cea538a136bf93942cf6410d814682e785f35","unverified","","","","research-only"
"1983\331.JPG","1983","331.JPG","2010","1600","1036878","242cf925b1b420dd7e1e2cce8206c5b7d407ae4c12afeb3b62562647162f13ed","unverified","","","","research-only"
"1983\332.JPG","1983","332.JPG","1965","1600","2126168","fbbd9b8130fe51269787e310518dae0d1adac54c281fed6c74dd1229193d4b34","unverified","","","","research-only"
"1983\333.JPG","1983","333.JPG","2062","1600","2259270","e39a20b62e5978c4bf18dca52f77c906ff6ab10144316c3601cc1291bda9c022","unverified","","","","research-only"
"1983\334.JPG","1983","334.JPG","1968","1600","1790079","08ad843f40dd56a27b3077b2f949e9bfc0f40679cda94a42afdd1b4e9a6e015f","unverified","","","","research-only"
"1983\335.JPG","1983","335.JPG","1988","1600","1937042","a435bc2e3ef2b6c9362c26c6f2b5b19771fa3fb27b1b8a02c98b7161c97d95d3","unverified","","","","research-only"
